ID,name,surname,age,gender,phone_number,email,flat_number,flat_ID
d3721705-277e-4c2c-80cb-6e16a30a58da,John,Doe,30,Male,123-456-7890,john@example.com,1,3183a59a-e9c6-4853-8ad7-8a082b7b116e
b6b42db2-7ef4-4b41-8276-4e3476f3d1a0,Jane,Doe,28,Female,987-654-3210,jane@example.com,1,3183a59a-e9c6-4853-8ad7-8a082b7b116e
1214666c-923f-497a-ac68-9230f0fd8cc1,Michael,Johnson,40,Male,555-555-5555,michael@example.com,2,2638f57b-826f-410b-8e14-a1a131294d00
5aa26a56-1987-4215-948c-3d71e70a771c,Emily,Williams,29,Female,111-222-3333,emily@example.com,2,2638f57b-826f-410b-8e14-a1a131294d00
834d8d15-d606-4f45-8866-616d1da4323c,John,Smith,43,Male,123-456-7893,john@example.com,3,b9521c86-9a66-4bc5-a8e5-36e9cdacbcaa
c20f2390-f27e-4cdf-ab82-c7776ef8c6c4,Emily,Johnson,26,Female,534-938-9560,emily@example.com,3,b9521c86-9a66-4bc5-a8e5-36e9cdacbcaa
8216ec93-2d74-4e5f-95fa-3d52cad423f9,Michael,Brown,34,Male,312-123-1111,michael@example.com,4,e431a429-2c75-4cfc-9bb4-eac8c2edf9d3
ea27a9b3-23fc-4785-a7ee-66353a6b8284,Sophia,Davis,22,Female,234-234-9992,sophia@example.com,4,e431a429-2c75-4cfc-9bb4-eac8c2edf9d3
4af5abfe-a7b6-45f6-a263-81243aaf3638,James,Smith,22,Male,515-232-6329,james.smith@example.com,3,796182ff-5ea1-4d6f-a3ba-ff878fb356b4
a93c4cba-21bb-44f1-a53f-643bb1c9ef3d,Emily,Smith,23,Female,123-573-9559,emily.johnson@example.com,3,796182ff-5ea1-4d6f-a3ba-ff878fb356b4
425f4ca1-05a7-45f4-9ad5-c4325bd8b128,Benjamin,Williams,41,Male,828-573-1889,benjamin.williams@example.com,4,db190bab-75a7-4d6c-ab54-b625973c7368
fb652506-47c8-41e9-a245-a70a8afee586,Olivia,Wilson,32,Female,123-123-2222,no-email,4,db190bab-75a7-4d6c-ab54-b625973c7368
